Fecha,TÃ­tulo,Fuente,Link,Sentimiento
2025-03-25 18:47:00,"Amazon.com, Inc. (AMZN) Could See Big AI-Fuelled Growth, Says Analyst With 'Buy' Rating",Insider Monkey,https://www.insidermonkey.com/blog/amazon-com-inc-amzn-could-see-big-ai-fuelled-growth-says-analyst-with-buy-rating-1492857/,Positivo
2025-03-25 17:45:00,Amazon (AMZN) Outperforms Broader Market: What You Need to Know,Zacks,https://www.zacks.com/stock/news/2435108/amazon-amzn-outperforms-broader-market-what-you-need-to-know?cid=CS-FINVIZ-FT-tale_of_the_tape|yseop_template_6-2435108,Positivo
2025-03-25 17:26:00,Akamai Technologies: Business Model Transition Continues,SeekingAlpha,https://seekingalpha.com/article/4770351-akamai-technologies-business-model-transition-continues?utm_source=finviz.com&utm_medium=referral&feed_item_type=article,Positivo
2025-03-25 16:46:00,"These 3 Retailers Could Be Best Positioned To Weather 'Macro Storm,' Bernstein Says",Investopedia,https://www.investopedia.com/these-3-retailers-could-be-best-positioned-to-weather-macro-storm-bernstein-says-11703166,Positivo
2025-03-25 16:27:00,Jim Cramer Says Amazon.com (AMZN) is One of His Favorite Stocks,InsiderMonkey,https://www.insidermonkey.com/blog/jim-cramer-says-amazon-com-amzn-is-one-of-his-favorite-stocks-1491911,Positivo
2025-03-25 15:42:00,Nvidia Is About To Explode: Buy The Dip Or Regret It Forever,SeekingAlpha,https://seekingalpha.com/article/4770326-nvidia-is-about-to-explode-buy-the-dip-or-regret-it-forever?utm_source=finviz.com&utm_medium=referral&feed_item_type=article,Negativo
2025-03-25 15:05:00,Why Buy QBTS & IONQ Stocks After NVIDIA Quantum Day?,Zacks,https://www.zacks.com/stock/news/2435082/why-buy-qbts-ionq-stocks-after-nvidia-quantum-day?cid=CS-FINVIZ-FT-analyst_blog|investment_ideas-2435082,Positivo
2025-03-25 14:24:00,Trade Tracker: Rob Sechan buys more Amazon and Nvidia,CNBC TV,https://www.youtube.com/watch?v=HLNcArkBkWA,Negativo
2025-03-25 14:20:00,"Amazon is most 'persuasive' brand in U.S., according to YouGov report",Chain Store Age,https://chainstoreage.com/amazon-most-persuasive-brand-us-according-yougov-report,Positivo
2025-03-25 14:05:00,UPS Stock on Track for Lowest Close in Nearly 5 Years,Investopedia,https://www.investopedia.com/ups-stock-on-track-for-lowest-close-in-nearly-5-years-11703013,Negativo
2025-03-25 13:26:00,AI Stock Trades Higher Than Industry at 6.65X P/S: Buy or Hold?,Zacks,https://www.zacks.com/stock/news/2435070/ai-stock-trades-higher-than-industry-at-6-65x-p-s-buy-or-hold?cid=CS-FINVIZ-FT-analyst_blog|most_popular_stocks-2435070,Positivo
2025-03-25 13:11:00,Spotify Stock Soars 130% in a Year: Is it Still a Buy Now?,Zacks,https://www.zacks.com/stock/news/2435030/spotify-stock-soars-130-in-a-year-is-it-still-a-buy-now?cid=CS-FINVIZ-FT-analyst_blog|most_popular_stocks-2435030,Positivo
2025-03-25 13:07:00,"Carvana Could Become 'Amazon of Auto Retail,' Morgan Stanley Analysts Say",Investopedia,https://www.investopedia.com/carvana-could-become-amazon-of-auto-retail-morgan-stanley-analysts-say-11702805,Positivo
2025-03-25 13:01:00,"Amazon.com, Inc. (NASDAQ:AMZN): One of Philippe Laffont Stock Portfolio's Top 10 Stock Picks",InsiderMonkey,https://www.insidermonkey.com/blog/amazon-com-inc-nasdaqamzn-one-of-philippe-laffont-stock-portfolios-top-10-stock-picks-1492498,Positivo
2025-03-25 12:10:00,QQQ: Tariff Tensions Could Drag Nasdaq Tech Stocks Into Bear Territory,SeekingAlpha,https://seekingalpha.com/article/4770262-qqq-tariff-tensions-could-drag-nasdaq-tech-stocks-into-bear-territory?utm_source=finviz.com&utm_medium=referral&feed_item_type=article,Negativo
2025-03-25 12:04:00,Amazon Primary Care Is Coming To A Town Near You. E-Commerce Giant Steps Up Healthcare Chain Rollout,Benzinga,https://finance.yahoo.com/news/amazon-primary-care-coming-town-160424173.html,Positivo
2025-03-25 11:57:00,How To Use A Bullish Diagonal Spread As Amazon Stock Moves Higher,Investor's Business Daily,https://finance.yahoo.com/m/0f8256b7-6e0b-353b-bfc7-79ade71da0e1/how-to-use-a-bullish-diagonal.html,Positivo
2025-03-25 11:23:00,Live Nation Entertainment Rises 22% in a Year: Time to Buy the Stock?,Zacks,https://www.zacks.com/stock/news/2434927/live-nation-entertainment-rises-22-in-a-year-time-to-buy-the-stock?cid=CS-FINVIZ-FT-analyst_blog|rank_focused-2434927,Positivo
2025-03-25 10:51:00,Cloudflare Stock Jumps as BofA Gives Rare Double Upgrade to 'True AI Winner',Investopedia,https://www.investopedia.com/cloudflare-stock-jumps-as-bofa-gives-rare-double-upgrade-to-true-ai-winner-11702835,Positivo
2025-03-25 10:41:00,Amazon building robotics fulfillment center in North Carolina,Supply Chain Dive,https://finance.yahoo.com/m/c03170e4-9f4d-3863-86d9-14e6d2499624/amazon-building-robotics.html,Positivo
2025-03-25 10:36:00,"Amazon.com, Inc. (AMZN) Among the 10 Goldman Sachs Tech Stocks to Buy",InsiderMonkey,https://www.insidermonkey.com/blog/amazon-com-inc-amzn-among-the-10-goldman-sachs-tech-stocks-to-buy-1490982,Positivo
2025-03-25 10:01:00,New Capability of Amazon Q in QuickSight Makes Every Employee Their Own Data Analyst,Business Wire,https://www.businesswire.com/news/home/20250324627210/en/Figure,Positivo
2025-03-25 10:00:00,Netflix's Content Strategy Signals Strong 2025 Returns: Time to Buy?,Zacks,https://www.zacks.com/stock/news/2434915/netflix-s-content-strategy-signals-strong-2025-returns-time-to-buy?cid=CS-FINVIZ-FT-analyst_blog|most_popular_stocks-2434915,Positivo
2025-03-25 10:00:00,Amazon: Jeff Bezos' Winning Mentality Is Still Ingrained In This Behemoth,SeekingAlpha,https://seekingalpha.com/article/4770203-amazon-jeff-bezos-winning-mentality-is-still-ingrained-in-this-behemoth?utm_source=finviz.com&utm_medium=referral&feed_item_type=article,Positivo
2025-03-25 09:45:00,2 Tech Stocks You Can Buy and Hold for the Next Decade,Motley Fool,https://www.fool.com/investing/2025/03/25/2-tech-stocks-you-can-buy-and-hold-for-the-next/?source=finviz&utm_source=finviz-host-full&utm_medium=feed&utm_campaign=article&referring_guid=f6e884c8-dcf5-4ade-b8e6-35ebc40f2aea,Positivo
2025-03-25 09:21:00,"Google's $32B Deal Fuels Cybersecurity Boom: Bet on OKTA, FTNT Stocks",Zacks,https://www.zacks.com/stock/news/2434882/google-s-32b-deal-fuels-cybersecurity-boom-bet-on-okta-ftnt-stocks?cid=CS-FINVIZ-FT-analyst_blog|investment_ideas-2434882,Positivo
2025-03-25 09:12:00,Amazon launches carbon credit service through sustainability hub,ESG Dive,https://finance.yahoo.com/m/4f204337-7366-3423-bd1a-e44cdada69a3/amazon-launches-carbon-credit.html,Positivo
2025-03-25 08:54:00,Amazon: Margin Improvement Turned Me Into An Amazon Bull (Rating Upgrade),SeekingAlpha,https://seekingalpha.com/article/4770189-amazon-margin-improvement-turned-me-into-an-amazon-bull?utm_source=finviz.com&utm_medium=referral&feed_item_type=article,Positivo
2025-03-25 08:50:00,Is Amazon.com (AMZN) The Best Stock to Buy According to Billionaire Ray Dalio?,InsiderMonkey,https://www.insidermonkey.com/blog/is-amazon-com-amzn-the-best-stock-to-buy-according-to-billionaire-ray-dalio-1489757,Positivo
2025-03-25 08:38:00,"If You Bought 1 Share of Amazon at Its IPO, Here's How Many Shares You Would Own Now",Motley Fool,https://www.fool.com/investing/2025/03/25/if-you-bought-1-share-of-amzaon-at-its-ipo-heres-h/?source=finviz&utm_source=finviz-host-full&utm_medium=feed&utm_campaign=article&referring_guid=1b6b093c-2592-491b-95cd-ea5667f5733a,Positivo
2025-03-25 07:30:00,Best Stock to Buy Right Now: Costco vs. Amazon,Motley Fool,https://www.fool.com/investing/2025/03/25/best-stock-to-buy-right-now-costco-vs-amazon/?source=finviz&utm_source=finviz-host-full&utm_medium=feed&utm_campaign=article&referring_guid=c543a03f-0eb3-404f-889c-be3c511aee14,Positivo
2025-03-25 06:45:00,Nasdaq Correction: 1 Magnificent Stock Down 20% From Highs to Buy Now and Hold Forever,Motley Fool,https://www.fool.com/investing/2025/03/25/nasdaq-correction-1-magnificent-stock-down-20-from/?source=finviz&utm_source=finviz-host-full&utm_medium=feed&utm_campaign=article&referring_guid=f727ac5d-2585-452d-b23b-2cff9e0c16cb,Positivo
2025-03-25 06:00:00,Tech stock momentum is hiding behind the cloud of tariffs: Morning Brief,Yahoo Finance,https://finance.yahoo.com/news/tech-stock-momentum-is-hiding-behind-the-cloud-of-tariffs-morning-brief-100013159.html,Negativo
2025-03-25 05:42:00,This Retail Giant's Stock Is an Absolute Bargain. It's Cheaper Than Walmart and Costco.,Motley Fool,https://www.fool.com/investing/2025/03/25/this-retail-giants-stock-is-an-absolute-bargain-it/?source=finviz&utm_source=finviz-host-full&utm_medium=feed&utm_campaign=article&referring_guid=ea7dc680-48ce-4652-ba93-df4f58abdc1b,Positivo
2025-03-25 05:27:00,FEPI: Mag7 Exposure With A 30% Yield,SeekingAlpha,https://seekingalpha.com/article/4770139-fepi-etf-mag7-exposure-with-a-30-percent-yield?utm_source=finviz.com&utm_medium=referral&feed_item_type=article,Positivo
2025-03-25 05:15:00,Is Amazon Stock a No-Brainer Buy Under $200?,Motley Fool,https://www.fool.com/investing/2025/03/25/is-amazon-stock-a-no-brainer-buy-under-200/?source=finviz&utm_source=finviz-host-full&utm_medium=feed&utm_campaign=article&referring_guid=17f4c8a5-0c55-47bd-b876-505fc7d1c09a,Positivo
2025-03-25 04:10:00,1 Growth Stock Down 12% to Buy Right Now,Motley Fool,https://www.fool.com/investing/2025/03/25/1-growth-stock-down-12-to-buy-right-now/?source=finviz&utm_source=finviz-host-full&utm_medium=feed&utm_campaign=article&referring_guid=693c561a-0fee-4281-a393-9d068f3cfe8c,Positivo
2025-03-24 23:49:00,"Amazon.com, Inc. (AMZN): Among Cathie Wood's Top AI Stock Picks in 2025",InsiderMonkey,https://www.insidermonkey.com/blog/amazon-com-inc-amzn-among-cathie-woods-top-ai-stock-picks-in-2025-1491367,Positivo
2025-03-24 22:22:00,The iShares S&P Total Stock Market ETF Vs. Vanguard's VTI: Virtually Identical In Many Ways,SeekingAlpha,https://seekingalpha.com/article/4770092-ishares-sp-total-stock-market-etf-vs-vanguard-vti-virtually-identical-many-respects?utm_source=finviz.com&utm_medium=referral&feed_item_type=article,Positivo
2025-03-24 20:31:00,Billionaire Investor Mark Cuban Questions Fate Of Amazon Amid Trump's Reciprocal Tariffs: 'It's About How You Use Them',Benzinga,https://finance.yahoo.com/news/billionaire-investor-mark-cuban-questions-003114823.html,Positivo
2025-03-24 19:30:00,"Mag 7 takes on 'growth as defensive' bias, strategist says",Yahoo Finance Video,https://finance.yahoo.com/video/mag-7-takes-growth-defensive-233000704.html,Positivo
2025-03-24 17:03:00,CSQ: A Good Alternative To An S&P 500 Index Fund For Income-Seekers,SeekingAlpha,https://seekingalpha.com/article/4770054-csq-a-good-alternative-to-an-s-and-p-500-index-fund-for-income-seekers?utm_source=finviz.com&utm_medium=referral&feed_item_type=article,Positivo
2025-03-24 16:12:00,Quantum Computing: Tech's Next Giant Leap?,Zacks,https://www.zacks.com/stock/news/2434396/quantum-computing-tech-s-next-giant-leap?cid=CS-FINVIZ-FT-etf_spotlight-2434396,Positivo
2025-03-24 16:00:00,Amazon CEO Andy Jassy says its fine not to know your career end goaleven well into your 60s,Fortune,https://finance.yahoo.com/news/amazon-ceo-andy-jassy-says-200008327.html,Positivo
2025-03-24 15:29:00,"AMD, Nvidia Lead Chip-Stock Rally as Semiconductor Tariff Worries Ease",Investopedia,https://www.investopedia.com/amd-nvidia-lead-chip-stock-rally-as-semiconductor-tariff-worries-ease-11702313,Negativo
2025-03-24 15:06:00,BlackRock Advantage Large Cap Core Fund Q4 2024 Commentary,SeekingAlpha,https://seekingalpha.com/article/4770027-blackrock-advantage-large-cap-core-fund-q4-2024-commentary?utm_source=finviz.com&utm_medium=referral&feed_item_type=article,Positivo
2025-03-24 14:29:00,Amazon (AMZN) Positions Project Kuiper as Starlink's Biggest Competitor,Insider Monkey,https://www.insidermonkey.com/blog/amazon-amzn-positions-project-kuiper-as-starlinks-biggest-competitor-1490190/,Positivo
2025-03-24 14:22:00,Amazon Stock Retakes Key Level As Analyst Offers Upbeat View After Nvidia Event,Investor's Business Daily,https://finance.yahoo.com/m/d5abcc19-46cf-36c5-a0ef-3185cf31d2a2/amazon-stock-retakes-key.html,Positivo
2025-03-24 13:19:00,Trade Tracker: Joe Terranova buys more Amazon,CNBC TV,https://www.youtube.com/watch?v=7fObxNnA0Zs,Positivo
2025-03-24 13:12:00,Grab Jumps 48% in a Year: Should You Hold or Fold the Stock?,Zacks,https://www.zacks.com/stock/news/2434357/grab-jumps-48-in-a-year-should-you-hold-or-fold-the-stock?cid=CS-FINVIZ-FT-analyst_blog|most_popular_stocks-2434357,Positivo
2025-03-24 12:23:00,"Is Amazon.com, Inc. (AMZN) the Best Predictive Analytics Stock to Buy According to Analysts?",InsiderMonkey,https://www.insidermonkey.com/blog/is-amazon-com-inc-amzn-the-best-predictive-analytics-stock-to-buy-according-to-analysts-1490657,Positivo
2025-03-24 12:14:00,EXCLUSIVE Q&A: Amazon exec examines next-gen AI in the supply chain,Chain Store Age,https://chainstoreage.com/exclusive-qa-amazon-exec-examines-next-gen-ai-supply-chain,Positivo
2025-03-24 11:55:00,Roku Rises 6% in 6 Months: Is it the Right Time to Buy the Stock?,Zacks,https://www.zacks.com/stock/news/2434337/roku-rises-6-in-6-months-is-it-the-right-time-to-buy-the-stock?cid=CS-FINVIZ-FT-analyst_blog|most_popular_stocks-2434337,Positivo
2025-03-24 11:30:00,Ariel Fund And Ariel Appreciation Fund Q4 2024 Commentary,SeekingAlpha,https://seekingalpha.com/article/4769986-ariel-fund-and-ariel-appreciation-fund-q4-2024-commentary?utm_source=finviz.com&utm_medium=referral&feed_item_type=article,Positivo
2025-03-24 11:19:00,"Nvidia's New Chips, With a Side of Valuation",Motley Fool,https://www.fool.com/investing/2025/03/24/nvidias-new-chips-with-a-side-of-valuation/?source=finviz&utm_source=finviz-host-full&utm_medium=feed&utm_campaign=article&referring_guid=3ea7dd37-840a-49c5-b25b-6502e975251e,Positivo
2025-03-24 11:14:00,"Numerator: Average Amazon shopper spent more than $2,800 in 2024",Chain Store Age,https://chainstoreage.com/numerator-average-amazon-shopper-spent-more-2800-2024,Positivo
2025-03-24 10:59:00,BlackRock Capital Appreciation V.I. Fund Q4 2024 Commentary,SeekingAlpha,https://seekingalpha.com/article/4769952-blackrock-capital-appreciation-vi-fund-q4-2024-commentary?utm_source=finviz.com&utm_medium=referral&feed_item_type=article,Positivo
2025-03-24 10:14:00,BlackRock Technology Opportunities Fund Q4 2024 Commentary,SeekingAlpha,https://seekingalpha.com/article/4769935-blackrock-technology-opportunities-fund-q4-2024-commentary?utm_source=finviz.com&utm_medium=referral&feed_item_type=article,Positivo
2025-03-24 09:15:00,Ant Group's Chip Innovation Signals Bullish Outlook for Alibaba Stock,Zacks,https://www.zacks.com/stock/news/2434176/ant-group-s-chip-innovation-signals-bullish-outlook-for-alibaba-stock?cid=CS-FINVIZ-FT-analyst_blog|most_popular_stocks-2434176,Positivo
2025-03-24 09:10:00,Ariel Investments Traditional Value Suite Q4 2024 Commentary,SeekingAlpha,https://seekingalpha.com/article/4769933-ariel-investments-traditional-value-suite-q4-2024-commentary?utm_source=finviz.com&utm_medium=referral&feed_item_type=article,Positivo
2025-03-24 09:02:00,Amazon.com (AMZN)'s New Alexa Devices to Feature Premium AI and Faster Response,InsiderMonkey,https://www.insidermonkey.com/blog/amazon-com-amzns-new-alexa-devices-to-feature-premium-ai-and-faster-response-1490268,Positivo
2025-03-24 09:00:00,Southern Company: A Hedge Against The Market Which Is Now Just An Income Play (Rating Downgrade),SeekingAlpha,https://seekingalpha.com/article/4769703-southern-company-a-hedge-against-the-market-which-is-now-just-an-income-play-rating-downgrade?utm_source=finviz.com&utm_medium=referral&feed_item_type=article,Positivo
2025-03-24 09:00:00,"Should Investors Buy, Sell or Hold PDD Stock Post Q4 Earnings Results?",Zacks,https://www.zacks.com/stock/news/2434163/should-investors-buy-sell-or-hold-pdd-stock-post-q4-earnings-results?cid=CS-FINVIZ-FT-analyst_blog|most_popular_stocks-2434163,Positivo
2025-03-24 09:00:00,Is February Retail Sales Really Weak? ETFs to Benefit,Zacks,https://www.zacks.com/stock/news/2433988/is-february-retail-sales-really-weak-etfs-to-benefit?cid=CS-FINVIZ-FT-etf_news_and_commentary-2433988,Negativo
2025-03-24 08:54:00,Best Health & Fitness Stocks to Buy for Strong Growth,Zacks,https://www.zacks.com/stock/news/2434149/best-health-fitness-stocks-to-buy-for-strong-growth?cid=CS-FINVIZ-FT-analyst_blog|investment_ideas-2434149,Positivo
2025-03-24 08:46:00,"NVIDIA Set to Lead ""Age of AI Reasoning"" - Buy and Hold the Stock",Zacks,https://www.zacks.com/stock/news/2434128/nvidia-set-to-lead-age-of-ai-reasoning-buy-and-hold-the-stock?cid=CS-FINVIZ-FT-analyst_blog|investment_ideas-2434128,Positivo
2025-03-24 07:41:00,BCX: Examining Inflation Protection Benefits And Recession Risks,SeekingAlpha,https://seekingalpha.com/article/4769899-bcx-examining-inflation-protection-benefits-recession-risks?utm_source=finviz.com&utm_medium=referral&feed_item_type=article,Negativo
2025-03-24 07:30:00,VOOV: Value With A Big Tech Bias Might Work,SeekingAlpha,https://seekingalpha.com/article/4769870-voov-value-with-a-big-tech-bias-might-work?utm_source=finviz.com&utm_medium=referral&feed_item_type=article,Positivo
2025-03-24 07:18:00,"Pettit: We like Meta, Amazon, Google",CNBC TV,https://www.youtube.com/watch?v=-jDodr9rEsQ,Positivo
2025-03-23 23:18:00,CGDV: Proven To Be More Effective Than Peers,SeekingAlpha,https://seekingalpha.com/article/4769840-cgdv-etf-proven-to-be-more-effective-than-peers-reiterate-buy?utm_source=finviz.com&utm_medium=referral&feed_item_type=article,Positivo
2025-03-23 21:59:00,BlackRock Sustainable Advantage Large Cap Core Fund Q4 2024 Commentary,SeekingAlpha,https://seekingalpha.com/article/4769833-blackrock-sustainable-advantage-large-cap-core-fund-q4-2024-commentary?utm_source=finviz.com&utm_medium=referral&feed_item_type=article,Positivo
2025-03-23 21:36:00,Certain That AI Is In A Bubble? Then Don't Read This,SeekingAlpha,https://seekingalpha.com/article/4769829-certain-that-ai-is-in-a-bubble-then-dont-read-this?utm_source=finviz.com&utm_medium=referral&feed_item_type=article,Positivo
2025-03-23 18:30:00,Nasdaq Correction: The Best Magnificent Seven Stock to Buy on the Dip Right Now,Motley Fool,https://www.fool.com/investing/2025/03/23/nasdaq-correction-the-best-magnificent-7-stock-to/?source=finviz&utm_source=finviz-host-full&utm_medium=feed&utm_campaign=article&referring_guid=90a1ec49-29f1-410a-884f-3b899145f221,Positivo
2025-03-23 18:20:00,"If I Could Buy Only 1 ""Magnificent Seven"" Stock Over the Next 10 Years, This Would Be It (Hint: It's Not Nvidia)",Motley Fool,https://www.fool.com/investing/2025/03/23/if-i-could-only-buy-1-magnificent-seven-stock-over/?source=finviz&utm_source=finviz-host-full&utm_medium=feed&utm_campaign=article&referring_guid=3699a9f4-1d39-42b8-8927-0949e70d3061,Positivo
2025-03-23 13:47:00,Was Jim Cramer Right About Amazon.com Inc. (AMZN)?,InsiderMonkey,https://www.insidermonkey.com/blog/was-jim-cramer-right-about-amazon-com-inc-amzn-1489359,Positivo
2025-03-23 12:00:00,1 Artificial Intelligence (AI) Stock Gen Zers Should Buy Today and Hold for Decades,Motley Fool,https://www.fool.com/investing/2025/03/23/1-artificial-intelligence-ai-stock-gen-z-should-bu/?source=finviz&utm_source=finviz-host-full&utm_medium=feed&utm_campaign=article&referring_guid=060b0e13-792e-440c-ab5c-2fd802e44c9f,Positivo
2025-03-23 08:53:00,Is Amazon.com (AMZN) Widely Held by Individuals in 2025?,InsiderMonkey,https://www.insidermonkey.com/blog/is-amazon-com-amzn-widely-held-by-individuals-in-2025-1489451,Positivo
2025-03-23 08:00:00,Tuning Out the Market Volatility: 3 AI Stocks Poised to Win Big Over the Coming Decade,Motley Fool,https://www.fool.com/investing/2025/03/23/tuning-out-the-market-volatility-3-ai-stocks-poise/?source=finviz&utm_source=finviz-host-full&utm_medium=feed&utm_campaign=article&referring_guid=e0012b89-c72a-4565-b99e-43711c2a8dfd,Positivo
2025-03-23 07:31:00,"Amazon.com (AMZN) Undercuts NVIDIA with AI Chip Discounts, JPMorgan Remains Bullish",InsiderMonkey,https://www.insidermonkey.com/blog/amazon-com-amzn-undercuts-nvidia-with-ai-chip-discounts-jpmorgan-remains-bullish-1489323,Positivo
2025-03-23 07:00:00,Where Will Amazon Stock Be in 1 Year?,Motley Fool,https://www.fool.com/investing/2025/03/23/where-will-amazon-stock-be-in-1-year/?source=finviz&utm_source=finviz-host-full&utm_medium=feed&utm_campaign=article&referring_guid=fc4610e3-1842-43e8-a190-41e2e93086fe,Positivo
2025-03-23 06:45:00,"The Smartest Stocks to Buy With $1,000 in the Nasdaq Correction",Motley Fool,https://www.fool.com/investing/2025/03/23/the-smartest-stocks-to-buy-with-1000-in-the-nasdaq/?source=finviz&utm_source=finviz-host-full&utm_medium=feed&utm_campaign=article&referring_guid=57a6d8b4-433e-4094-8c9b-e19a2659cf1a,Positivo
2025-03-23 05:35:00,"The Smartest Growth Stock to Buy With $3,000 Right Now",Motley Fool,https://www.fool.com/investing/2025/03/23/the-smartest-growth-stock-to-buy-with-3000-right-n/?source=finviz&utm_source=finviz-host-full&utm_medium=feed&utm_campaign=article&referring_guid=c901fd1e-3a38-48ed-8995-2dd000320326,Positivo
2025-03-23 04:10:00,1 Warren Buffett Stock That Could Go Parabolic in 2025 and Beyond,Motley Fool,https://www.fool.com/investing/2025/03/23/1-warren-buffett-stock-that-could-go-parabolic-in/?source=finviz&utm_source=finviz-host-full&utm_medium=feed&utm_campaign=article&referring_guid=d19e0aaa-771c-4044-91cc-fa9f4fb877ea,Positivo
2025-03-22 16:13:00,"The Best Warren Buffett Stocks to Buy With $2,000 Right Now",Motley Fool,https://www.fool.com/investing/2025/03/22/the-best-warren-buffett-stocks-to-buy-with-2000/?source=finviz&utm_source=finviz-host-full&utm_medium=feed&utm_campaign=article&referring_guid=ebcc460a-5dca-4db5-bedd-31f116874742,Positivo
2025-03-22 13:48:00,"Is Amazon.com, Inc. (AMZN)The Best Robinhood Stock to Buy According to Analysts?",InsiderMonkey,https://www.insidermonkey.com/blog/is-amazon-com-inc-amznthe-best-robinhood-stock-to-buy-according-to-analysts-1489312,Positivo
2025-03-22 10:10:00,Trump Trade: Loss of $10B JEDI contract watershed moment for Bezos,TipRanks,https://finance.yahoo.com/news/trump-trade-loss-10b-jedi-141013524.html,Negativo
2025-03-22 08:15:00,"VUG: Mag 7 Now The Lag 7, Better Valuation, Weaker Chart",SeekingAlpha,https://seekingalpha.com/article/4769683-vug-mag-7-now-the-lag-7-better-valuation-weaker-chart?utm_source=finviz.com&utm_medium=referral&feed_item_type=article,Negativo
2025-03-22 07:00:00,MarketBeat Week in Review - 03/17 - 03/21,MarketBeat,https://www.marketbeat.com/originals/marketbeat-week-in-review-03-17-03-21/?utm_source=finviz&amp;utm_medium=finviz,Positivo
2025-03-22 04:26:00,"Meet the Spectacular Vanguard ETF With 43.2% of Its Portfolio Invested in Nvidia, Amazon, Apple, and Microsoft",Motley Fool,https://www.fool.com/investing/2025/03/22/meet-vanguard-etf-432-portfolio-in-nvidia-amazon/?source=finviz&utm_source=finviz-host-full&utm_medium=feed&utm_campaign=article&referring_guid=9353735f-8932-4fb2-81ff-8910d7a4feaf,Positivo
2025-03-22 00:35:00,Big Tech's Market Reset: Why This Pullback Is Different,SeekingAlpha,https://seekingalpha.com/article/4769636-big-tech-market-reset-pullback-different?utm_source=finviz.com&utm_medium=referral&feed_item_type=article,Positivo
2025-03-21 20:34:00,"Meta, Google, and Amazon reshape internet with submarine cable dominance",DigiTimes,https://www.digitimes.com/news/a20250318PD206/cables-google-meta-amazon-data.html,Positivo
2025-03-21 17:26:00,"Amazon,com (AMZN) Secures Bullish Ratings as Analysts See AI-Driven Cloud Growth",InsiderMonkey,https://www.insidermonkey.com/blog/amazoncom-amzn-secures-bullish-ratings-as-analysts-see-ai-driven-cloud-growth-1488760,Positivo
2025-03-21 15:25:00,Nvidia: What's Powering The Next  AI Era,SeekingAlpha,https://seekingalpha.com/article/4769561-nvidia-whats-powering-the-next-ai-era?utm_source=finviz.com&utm_medium=referral&feed_item_type=article,Positivo
2025-03-21 15:01:00,"Whole Foods, VPS partner on curbside pickup canopies",Chain Store Age,https://chainstoreage.com/whole-foods-vps-partner-curbside-pickup-canopies,Positivo
2025-03-21 12:36:00,MercadoLibre Soars 33% in a Year: Should Investors Buy the Stock Now?,Zacks,https://www.zacks.com/stock/news/2433588/mercadolibre-soars-33-in-a-year-should-investors-buy-the-stock-now?cid=CS-FINVIZ-FT-analyst_blog|most_popular_stocks-2433588,Positivo
2025-03-21 12:27:00,Temu is poaching Amazon and Walmart employees as it eyes U.S. domination,Quartz,https://finance.yahoo.com/news/temu-poaching-amazon-walmart-employees-162700684.html,Positivo
2025-03-21 12:12:00,Price Tag Politics: Retailers Vs. Tariffs,SeekingAlpha,https://seekingalpha.com/article/4769523-price-tag-politics-retailers-vs-tariffs?utm_source=finviz.com&utm_medium=referral&feed_item_type=article,Positivo
2025-03-21 12:05:00,The Davenport Core Leaders Fund Q4 2024 Commentary,SeekingAlpha,https://seekingalpha.com/article/4769520-the-davenport-core-leaders-fund-q4-2024-commentary?utm_source=finviz.com&utm_medium=referral&feed_item_type=article,Positivo
2025-03-21 11:51:00,PBI Trades at Low P/E Multiple: Right Time to Buy the Stock?,Zacks,https://www.zacks.com/stock/news/2433613/pbi-trades-at-low-p-e-multiple-right-time-to-buy-the-stock?cid=CS-FINVIZ-FT-analyst_blog|most_popular_stocks-2433613,Negativo
2025-03-21 11:37:00,Amazon Stock Nears Seventh Losing Week As Wall Street Sizes Up Tech Giant's Used-Car Plans,Investor's Business Daily,https://finance.yahoo.com/m/4a785b0d-30fc-396a-a6f3-dea3257c8c4f/amazon-stock-nears-seventh.html,Negativo
